Source,Target
1,2
1,3
1,10
1,14
1,32
1,65
1,92
1,93
1,99
1,320
1,325
1,326
1,327
1,328
1,329
1,339
1,360
1,368
1,369
1,374
1,384
1,386
1,387
1,388
1,405
1,407
1,484
1,493
1,495
1,709
1,768
1,790
1,794
1,807
1,828
1,836
1,930
1,931
1,933
2,1
2,14
2,32
2,65
2,92
2,99
2,320
2,325
2,329
2,339
2,360
2,369
2,386
2,405
2,484
2,495
2,545
2,758
2,794
2,807
2,836
2,931
2,933
3,1
3,5
3,65
3,68
3,92
3,99
3,283
3,325
3,326
3,327
3,328
3,329
3,330
3,339
3,347
3,349
3,359
3,360
3,364
3,369
3,374
3,384
3,386
3,398
3,405
3,407
3,412
3,503
3,593
3,602
3,605
3,710
3,722
3,745
3,807
3,831
3,836
3,932
3,933
4,230
5,3
5,25
5,34
5,104
5,320
5,933
6,383
7,818
8,32
8,383
8,545
8,660
9,23
9,52
9,69
9,76
9,545
9,639
9,686
9,687
9,688
9,690
9,692
9,726
9,750
9,915
10,1
10,93
10,331
10,374
10,405
10,407
10,930
11,334
11,491
11,492
11,681
11,860
13,14
13,471
13,495
14,1
14,2
14,13
14,29
14,30
14,65
14,92
14,99
14,320
14,326
14,327
14,329
14,369
14,386
14,388
14,405
14,442
14,484
14,495
14,585
14,605
14,703
14,704
14,749
14,768
14,836
14,911
14,913
14,930
14,932
16,75
16,663
16,710
17,27
17,92
17,99
17,100
17,343
17,347
17,352
17,358
17,360
17,398
17,427
17,471
17,490
17,510
17,552
17,561
17,585
17,599
17,600
17,615
17,660
17,678
17,722
17,757
17,826
17,892
19,76
19,613
19,615
19,661
19,738
19,783
19,915
20,35
20,36
20,41
20,46
20,50
20,51
20,52
20,54
20,55
20,56
20,60
20,64
20,68
20,69
20,71
20,73
20,75
20,81
20,101
20,349
20,359
20,360
20,361
20,412
20,671
20,712
20,726
20,739
20,754
20,766
20,781
20,792
20,840
20,912
20,915
20,917
20,931
22,388
22,405
22,930
22,931
23,9
23,35
23,36
23,52
23,57
23,60
23,67
23,69
23,76
23,726
23,781
23,915
25,5
25,34
25,93
25,96
25,104
25,319
25,321
25,546
25,549
25,584
25,588
25,601
25,695
25,826
25,930
26,47
26,87
26,842
26,873
26,893
26,894
26,918
27,17
27,100
27,343
27,347
27,398
27,427
27,468
27,490
27,510
27,552
27,561
27,585
27,599
27,600
27,605
27,660
27,678
27,722
27,826
27,831
28,107
28,537
28,538
28,560
28,605
28,610
28,621
28,703
28,706
28,745
28,781
29,14
29,30
29,43
29,62
29,65
29,115
29,172
29,179
29,181
29,234
29,414
29,421
29,423
29,495
29,503
29,535
29,536
29,554
29,559
29,606
29,610
29,619
29,620
29,624
29,625
29,691
29,704
29,707
29,749
29,778
29,791
29,808
29,839
29,842
29,909
29,910
29,932
30,14
30,29
30,62
30,115
30,388
30,442
30,559
30,625
30,703
30,704
30,707
30,749
30,835
30,930
31,432
31,582
32,1
32,2
32,8
32,455
32,456
32,459
32,471
32,478
32,484
32,485
32,491
32,492
32,493
32,512
32,515
32,533
32,542
32,560
32,561
32,562
32,567
32,568
32,646
32,647
32,655
32,673
32,686
32,878
32,926
33,402
33,410
33,688
33,748
34,5
34,25
34,93
34,96
34,104
34,319
34,321
34,546
34,549
34,584
34,588
34,601
34,695
34,826
34,930
35,20
35,23
35,36
35,41
35,46
35,50
35,51
35,52
35,54
35,56
35,60
35,71
35,101
35,344
35,359
35,383
35,412
35,564
35,671
35,726
35,754
35,781
35,792
35,840
36,20
36,23
36,35
36,41
36,46
36,50
36,51
36,52
36,54
36,59
36,60
36,64
36,68
36,69
36,71
36,73
36,101
36,102
36,167
36,359
36,361
36,383
36,398
36,402
36,585
36,639
36,671
36,678
36,688
36,689
36,690
36,695
36,708
36,726
36,754
36,781
36,792
36,840
36,912
36,931
37,38
37,103
37,199
37,409
37,771
37,811
37,919
38,37
38,103
38,199
38,409
38,558
38,767
38,770
38,811
38,919
39,125
39,451
40,161
40,709
41,20
41,35
41,36
41,46
41,50
41,51
41,52
41,54
41,56
41,60
41,64
41,71
41,81
41,101
41,359
41,361
41,671
41,726
41,754
41,792
41,840
42,688
43,29
43,197
43,839
45,46
45,51
46,20
46,35
46,36
46,41
46,45
46,50
46,51
46,52
46,54
46,56
46,60
46,71
46,81
46,101
46,359
46,726
46,754
46,781
46,792
46,801
46,840
46,930
47,26
47,87
47,353
47,843
48,198
48,217
48,242
48,280
48,648
50,20
50,35
50,36
50,41
50,46
50,51
50,52
50,54
50,56
50,60
50,64
50,68
50,69
50,71
50,73
50,101
50,248
50,359
50,361
50,671
50,688
50,689
50,695
50,726
50,739
50,754
50,781
50,792
50,840
50,912
51,20
51,35
51,36
51,41
51,45
51,46
51,50
51,52
51,54
51,56
51,60
51,64
51,71
51,73
51,76
51,81
51,101
51,359
51,361
51,671
51,726
51,754
51,781
51,792
51,801
51,840
52,9
52,20
52,23
52,35
52,36
52,41
52,46
52,50
52,51
52,54
52,55
52,56
52,60
52,64
52,68
52,69
52,71
52,73
52,76
52,90
52,92
52,99
52,101
52,359
52,360
52,361
52,412
52,425
52,436
52,671
52,689
52,692
52,695
52,726
52,739
52,754
52,781
52,792
52,840
52,879
52,912
52,915
52,929
52,931
53,179
53,181
53,239
53,421
53,423
53,554
53,691
53,746
54,20
54,35
54,36
54,41
54,46
54,50
54,51
54,52
54,56
54,60
54,71
54,73
54,92
54,99
54,101
54,359
54,360
54,726
54,754
54,781
54,792
54,840
55,20
55,52
55,68
55,101
55,359
55,360
55,361
55,412
55,726
55,754
55,792
55,840
55,929
56,20
56,35
56,41
56,46
56,50
56,51
56,52
56,54
56,68
56,71
56,97
56,101
56,359
56,412
56,726
56,754
56,792
56,840
57,23
59,36
59,60
59,73
59,331
59,394
59,402
59,417
59,418
59,639
59,688
59,689
59,690
59,695
59,703
59,707
59,708
59,748
59,781
60,20
60,23
60,35
60,36
60,41
60,46
60,50
60,51
60,52
60,54
60,59
60,64
60,68
60,69
60,71
60,73
60,101
60,102
60,167
60,359
60,361
60,383
60,398
60,402
60,585
60,639
60,671
60,678
60,688
60,689
60,690
60,695
60,708
60,726
60,754
60,781
60,792
60,840
60,912
60,931
61,111
61,115
61,186
61,535
61,537
61,546
61,547
61,554
61,557
61,559
61,560
61,610
61,612
61,619
61,621
61,625
61,677
61,703
61,704
61,706
61,709
61,745
61,825
61,879
61,904
61,910
61,925
62,29
62,30
62,749
62,782
62,783
62,784
62,786
62,792
62,915
62,917
62,929
63,406
64,20
64,36
64,41
64,50
64,51
64,52
64,60
64,67
64,101
64,726
64,754
64,792
64,840
65,1
65,2
65,3
65,14
65,29
65,68
65,92
65,99
65,141
65,283
65,326
65,327
65,329
65,332
65,338
65,339
65,349
65,359
65,360
65,364
65,369
65,386
65,388
65,398
65,405
65,442
65,495
65,503
65,535
65,536
65,546
65,572
65,593
65,602
65,605
65,606
65,619
65,745
65,768
65,772
65,792
65,836
65,911
65,912
65,929
65,930
65,932
66,91
67,23
67,64
67,90
68,3
68,20
68,36
68,50
68,52
68,55
68,56
68,60
68,65
68,71
68,75
68,92
68,99
68,101
68,102
68,208
68,279
68,283
68,349
68,359
68,360
68,361
68,364
68,405
68,412
68,503
68,572
68,671
68,710
68,726
68,754
68,772
68,792
68,840
68,929
69,9
69,20
69,23
69,36
69,50
69,52
69,60
69,71
69,76
69,81
69,90
69,101
69,248
69,425
69,639
69,677
69,689
69,692
69,695
69,712
69,726
69,739
69,754
69,766
69,792
69,840
69,912
69,915
69,931
71,20
71,35
71,36
71,41
71,46
71,50
71,51
71,52
71,54
71,56
71,60
71,68
71,69
71,101
71,127
71,344
71,359
71,361
71,564
71,671
71,726
71,754
71,781
71,792
71,840
71,912
72,547
72,554
72,612
72,618
73,20
73,36
73,50
73,51
73,52
73,54
73,59
73,60
73,101
73,472
73,726
73,754
73,781
73,792
74,314
74,329
74,369
74,386
74,559
74,605
74,619
75,16
75,20
75,68
75,349
75,503
75,634
75,705
75,710
75,715
75,749
75,825
76,9
76,19
76,23
76,51
76,52
76,69
76,81
76,179
76,423
76,425
76,661
76,677
76,688
76,689
76,691
76,712
76,726
76,781
76,792
76,912
76,915
76,917
77,79
79,77
80,773
81,20
81,41
81,46
81,51
81,69
81,76
82,539
82,558
82,595
82,637
83,605
85,499
86,736
86,824
87,26
87,47
87,353
87,843
89,783
89,785
90,52
90,67
90,69
90,915
91,66
92,1
92,2
92,3
92,14
92,17
92,52
92,54
92,65
92,68
92,93
92,98
92,99
92,104
92,106
92,141
92,174
92,208
92,235
92,279
92,283
92,314
92,317
92,320
92,325
92,326
92,327
92,328
92,329
92,332
92,338
92,339
92,347
92,349
92,357
92,359
92,360
92,364
92,365
92,366
92,368
92,369
92,374
92,384
92,386
92,387
92,388
92,396
92,397
92,398
92,405
92,407
92,408
92,412
92,449
92,472
92,495
92,552
92,564
92,585
92,593
92,599
92,602
92,603
92,605
92,616
92,619
92,633
92,671
92,678
92,722
92,723
92,731
92,758
92,761
92,771
92,772
92,790
92,794
92,807
92,831
92,836
92,863
92,903
92,911
92,930
92,931
92,932
92,933
93,1
93,10
93,25
93,34
93,92
93,99
93,104
93,320
93,325
93,329
93,339
93,360
93,365
93,368
93,369
93,386
93,388
93,405
93,407
93,408
93,546
93,790
93,794
93,831
93,836
93,930
93,931
93,933
96,25
96,34
97,56
98,92
98,99
98,360
98,397
98,408
98,831
99,1
99,2
99,3
99,14
99,17
99,52
99,54
99,65
99,68
99,92
99,93
99,98
99,104
99,106
99,141
99,174
99,183
99,208
99,235
99,279
99,283
99,314
99,317
99,320
99,325
99,326
99,327
99,328
99,329
99,332
99,338
99,339
99,344
99,347
99,349
99,357
99,359
99,360
99,362
99,364
99,365
99,366
99,368
99,369
99,374
99,384
99,386
99,388
99,396
99,397
99,398
99,405
99,407
99,408
99,412
99,419
99,436
99,449
99,472
99,495
99,506
99,510
99,535
99,543
99,544
99,546
99,552
99,564
99,572
99,585
99,593
99,599
99,602
99,603
99,605
99,616
99,619
99,633
99,659
99,671
99,678
99,722
99,723
99,726
99,731
99,757
99,758
99,761
99,771
99,772
99,788
99,790
99,794
99,807
99,831
99,836
99,841
99,863
99,903
99,911
99,929
99,930
99,931
99,932
99,933
100,17
100,27
100,343
100,347
100,398
100,422
100,427
100,490
100,510
100,552
100,585
100,599
100,600
100,660
100,678
100,722
101,20
101,35
101,36
101,41
101,46
101,50
101,51
101,52
101,54
101,55
101,56
101,60
101,64
101,68
101,69
101,71
101,73
101,359
101,360
101,361
101,671
101,726
101,739
101,754
101,771
101,781
101,792
101,840
101,912
101,915
101,931
102,36
102,60
102,68
103,37
103,38
103,199
103,409
104,5
104,25
104,34
104,92
104,93
104,99
104,183
104,317
104,360
104,546
104,600
104,826
104,930
105,881
106,92
106,99
106,360
106,362
107,28
107,502
108,927
109,640
111,61
111,207
111,537
111,547
111,557
111,560
111,610
111,611
111,620
111,621
111,696
111,745
111,782
111,784
111,904
111,925
113,221
113,281
113,544
113,587
113,852
115,29
115,30
115,61
115,537
115,560
115,625
115,703
115,704
115,707
115,745
115,749
115,904
117,230
117,251
117,918
118,631
118,866
118,881
118,887
121,124
121,264
124,121
124,264
125,39
126,147
127,71
127,142
127,344
127,422
127,564
127,884
133,547
133,554
133,612
133,715
141,65
141,92
141,99
141,145
141,208
141,234
141,283
141,332
141,359
141,360
141,364
141,405
141,411
141,419
141,421
141,535
141,546
141,602
141,619
141,659
141,772
142,127
142,344
142,564
144,149
144,921
145,141
147,126
149,144
150,172
150,179
150,423
150,691
150,842
151,230
152,204
154,179
154,181
154,196
154,226
154,421
154,423
154,691
154,839
154,908
156,901
160,815
161,40
161,186
161,214
161,224
161,537
161,547
161,554
161,557
161,559
161,569
161,612
161,619
161,624
161,677
161,709
161,825
161,910
162,217
166,179
166,181
166,421
166,423
166,513
166,691
166,839
166,858
167,36
167,60
167,331
167,671
172,29
172,150
172,181
172,421
172,830
172,839
172,842
172,893
172,894
173,323
173,520
173,579
173,620
173,926
174,92
174,99
174,325
174,326
174,327
174,328
174,329
174,339
174,360
174,368
174,369
174,374
174,384
174,386
174,405
174,407
174,556
174,593
174,603
174,758
174,790
174,794
174,807
174,836
174,911
174,931
174,932
174,933
176,204
176,230
179,29
179,53
179,76
179,150
179,154
179,166
179,181
179,239
179,352
179,420
179,421
179,423
179,425
179,495
179,554
179,689
179,691
179,746
179,800
179,829
179,830
179,846
179,858
179,905
179,910
181,29
181,53
181,154
181,166
181,172
181,179
181,226
181,239
181,411
181,420
181,421
181,423
181,425
181,649
181,691
181,746
181,829
181,830
181,839
181,846
182,736
183,99
183,104
183,360
185,541
186,61
186,161
186,535
186,537
186,546
186,547
186,554
186,557
186,559
186,612
186,619
186,709
186,825
186,910
186,912
188,886
189,828
189,863
189,885
196,154
196,875
196,908
197,43
198,48
198,242
198,251
198,483
198,842
198,873
198,893
198,894
198,918
199,37
199,38
199,103
199,558
199,811
199,919
203,920
204,152
204,176
204,251
204,842
204,893
204,894
204,918
206,244
206,920
207,111
207,382
207,557
207,559
207,578
207,610
207,611
207,621
207,696
207,776
207,782
207,784
207,789
207,904
208,68
208,92
208,99
208,141
208,235
208,283
208,317
208,332
208,338
208,349
208,359
208,360
208,364
208,366
208,398
208,405
208,449
208,472
208,585
208,605
208,616
208,633
208,678
208,772
208,836
208,903
213,881
214,161
217,48
217,162
217,394
217,756
217,801
219,736
219,873
221,113
221,281
221,544
221,587
221,852
222,865
224,161
224,244
224,547
224,554
224,605
224,612
226,154
226,181
226,239
226,421
226,839
227,811
230,4
230,117
230,151
230,176
230,655
230,671
230,760
232,344
233,535
233,546
233,619
234,29
234,141
234,421
234,839
235,92
235,99
235,208
235,360
235,366
239,53
239,179
239,181
239,226
239,421
239,423
239,554
239,691
239,746
241,251
241,842
241,893
241,894
241,918
242,48
242,198
243,331
244,206
244,224
245,499
245,857
248,50
248,69
248,840
249,306
251,117
251,198
251,204
251,241
251,842
251,873
251,893
251,894
251,918
253,254
254,253
254,259
256,269
256,297
256,298
257,259
259,254
259,257
264,121
264,124
269,256
279,68
279,92
279,99
279,283
279,349
279,358
279,360
279,668
280,48
281,113
281,221
281,544
281,587
281,852
283,3
283,65
283,68
283,92
283,99
283,141
283,208
283,279
283,311
283,324
283,332
283,338
283,349
283,359
283,360
283,364
283,366
283,398
283,405
283,412
283,449
283,472
283,566
283,585
283,602
283,605
283,678
283,772
283,836
283,903
285,286
285,374
286,285
286,370
294,736
297,256
297,298
298,256
298,297
306,249
311,283
314,74
314,92
314,99
314,326
314,329
314,338
314,352
314,360
314,369
314,382
314,386
314,436
314,503
314,535
314,543
314,546
314,559
314,602
314,605
314,619
314,745
314,792
314,911
314,912
314,929
315,316
315,317
315,338
315,565
315,566
315,772
316,315
316,317
316,324
316,338
316,565
316,566
317,92
317,99
317,104
317,208
317,315
317,316
317,324
317,332
317,338
317,339
317,360
317,566
317,616
317,633
317,731
317,771
317,772
318,540
319,25
319,34
319,321
319,584
320,1
320,2
320,5
320,14
320,92
320,93
320,99
320,328
320,405
320,484
320,495
320,603
320,686
320,692
320,836
320,930
320,933
321,25
321,34
321,319
321,584
321,753
321,796
323,173
323,506
323,593
323,860
323,926
324,283
324,316
324,317
324,338
324,566
325,1
325,2
325,3
325,92
325,93
325,99
325,174
325,326
325,327
325,328
325,329
325,338
325,339
325,360
325,368
325,369
325,384
325,385
325,386
325,388
325,405
325,407
325,442
325,495
325,556
325,593
325,602
325,603
325,743
325,790
325,794
325,807
325,836
325,911
325,930
325,931
325,932
325,933
326,1
326,3
326,14
326,65
326,92
326,99
326,174
326,314
326,325
326,327
326,328
326,329
326,338
326,339
326,360
326,369
326,374
326,384
326,386
326,387
326,405
326,407
326,540
326,547
326,556
326,559
326,593
326,602
326,603
326,605
326,619
326,741
326,742
326,768
326,794
326,807
326,828
326,836
326,911
326,931
326,932
326,933
327,1
327,3
327,14
327,65
327,92
327,99
327,174
327,325
327,326
327,328
327,329
327,339
327,360
327,369
327,374
327,384
327,386
327,387
327,388
327,405
327,407
327,442
327,495
327,593
327,603
327,737
327,741
327,742
327,758
327,768
327,794
327,801
327,807
327,808
327,828
327,836
327,911
327,913
327,930
327,931
327,932
327,933
328,1
328,3
328,92
328,99
328,174
328,320
328,325
328,326
328,327
328,329
328,330
328,368
328,369
328,374
328,384
328,386
328,387
328,397
328,405
328,407
328,540
328,547
328,556
328,593
328,603
328,605
328,741
328,742
328,790
328,794
328,807
328,836
328,911
328,931
328,932
328,933
329,1
329,2
329,3
329,14
329,65
329,74
329,92
329,93
329,99
329,174
329,314
329,325
329,326
329,327
329,328
329,338
329,339
329,352
329,360
329,368
329,369
329,384
329,385
329,386
329,388
329,405
329,407
329,436
329,442
329,495
329,503
329,535
329,540
329,543
329,546
329,547
329,556
329,559
329,593
329,602
329,603
329,605
329,619
329,743
329,745
329,768
329,790
329,792
329,794
329,807
329,836
329,879
329,911
329,912
329,929
329,930
329,931
329,932
329,933
330,3
330,328
330,710
330,828
330,843
330,855
331,10
331,59
331,167
331,243
331,373
331,374
331,384
331,394
331,402
331,407
331,418
331,688
331,689
331,695
331,807
331,828
332,65
332,92
332,99
332,141
332,208
332,283
332,317
332,339
332,359
332,360
332,364
332,385
332,405
332,599
332,671
332,758
332,772
333,334
333,701
333,717
333,727
334,11
334,333
334,727
334,733
334,860
334,878
335,443
338,65
338,92
338,99
338,208
338,283
338,314
338,315
338,316
338,317
338,324
338,325
338,326
338,329
338,339
338,359
338,360
338,364
338,369
338,386
338,405
338,566
338,602
338,605
338,616
338,619
338,633
338,731
338,771
338,772
338,836
338,911
338,933
339,1
339,2
339,3
339,65
339,92
339,93
339,99
339,174
339,317
339,325
339,326
339,327
339,329
339,332
339,338
339,360
339,368
339,369
339,384
339,386
339,388
339,405
339,407
339,495
339,593
339,599
339,602
339,603
339,727
339,731
339,772
339,790
339,794
339,807
339,836
339,911
339,930
339,931
339,932
339,933
341,502
341,535
341,546
341,602
341,605
341,606
341,615
341,619
341,624
341,720
341,745
341,866
341,887
341,910
343,17
343,27
343,100
343,347
343,398
343,427
343,490
343,510
343,552
343,585
343,599
343,600
343,660
343,678
343,722
344,35
344,71
344,99
344,127
344,142
344,232
344,347
344,360
344,398
344,422
344,564
344,605
344,722
344,831
345,542
346,349
346,350
346,352
346,398
346,472
346,561
346,585
346,678
347,3
347,17
347,27
347,92
347,99
347,100
347,343
347,344
347,358
347,360
347,398
347,471
347,510
347,552
347,561
347,585
347,599
347,600
347,605
347,615
347,660
347,678
347,722
347,745
347,757
347,826
347,831
349,3
349,20
349,65
349,68
349,75
349,92
349,99
349,208
349,279
349,283
349,346
349,350
349,352
349,359
349,360
349,364
349,405
349,412
349,472
349,503
349,561
349,710
349,772
350,346
350,349
350,352
350,472
350,561
351,499
352,17
352,179
352,314
352,329
352,346
352,349
352,350
352,369
352,386
352,423
352,472
352,552
352,554
352,559
352,605
352,619
352,678
352,691
352,910
353,47
353,87
353,843
354,705
355,365
356,427
356,598
356,660
357,92
357,99
357,360
357,480
357,602
357,659
358,17
358,279
358,347
358,398
358,552
358,585
358,599
358,660
358,678
358,722
359,3
359,20
359,35
359,36
359,41
359,46
359,50
359,51
359,52
359,54
359,55
359,56
359,60
359,65
359,68
359,71
359,92
359,99
359,101
359,141
359,208
359,283
359,332
359,338
359,349
359,360
359,361
359,364
359,366
359,398
359,405
359,412
359,449
359,472
359,572
359,585
359,602
359,605
359,671
359,678
359,721
359,726
359,754
359,772
359,781
359,792
359,836
359,840
359,903
359,929
360,1
360,2
360,3
360,17
360,20
360,52
360,54
360,55
360,65
360,68
360,92
360,93
360,98
360,99
360,101
360,104
360,106
360,141
360,174
360,183
360,208
360,235
360,279
360,283
360,314
360,317
360,325
360,326
360,327
360,329
360,332
360,338
360,339
360,344
360,347
360,349
360,357
360,359
360,361
360,362
360,364
360,365
360,366
360,368
360,369
360,384
360,386
360,388
360,396
360,398
360,405
360,407
360,408
360,412
360,419
360,436
360,449
360,472
360,495
360,506
360,510
360,535
360,543
360,544
360,546
360,552
360,564
360,572
360,585
360,593
360,599
360,602
360,603
360,605
360,616
360,619
360,633
360,659
360,671
360,678
360,722
360,723
360,726
360,731
360,754
360,757
360,761
360,771
360,772
360,788
360,790
360,792
360,794
360,807
360,831
360,836
360,841
360,863
360,903
360,911
360,929
360,930
360,931
360,932
360,933
361,20
361,36
361,41
361,50
361,51
361,52
361,55
361,60
361,68
361,71
361,101
361,359
361,360
361,412
361,671
361,721
361,726
361,754
361,792
361,840
361,929
362,99
362,106
362,360
362,651
364,3
364,65
364,68
364,92
364,99
364,141
364,208
364,283
364,332
364,338
364,349
364,359
364,360
364,366
364,398
364,405
364,412
364,449
364,472
364,585
364,602
364,605
364,678
364,772
364,836
364,903
365,92
365,93
365,99
365,355
365,360
365,408
365,831
366,92
366,99
366,208
366,235
366,283
366,359
366,360
366,364
366,405
366,772
368,1
368,92
368,93
368,99
368,174
368,325
368,328
368,329
368,339
368,360
368,369
368,374
368,384
368,386
368,387
368,388
368,405
368,407
368,556
368,737
368,773
368,790
368,794
368,807
368,836
368,911
368,930
368,931
368,933
369,1
369,2
369,3
369,14
369,65
369,74
369,92
369,93
369,99
369,174
369,314
369,325
369,326
369,327
369,328
369,329
369,338
369,339
369,352
369,360
369,368
369,384
369,385
369,386
369,388
369,405
369,407
369,436
369,442
369,495
369,503
369,535
369,540
369,543
369,546
369,547
369,556
369,559
369,593
369,602
369,603
369,605
369,619
369,743
369,745
369,768
369,790
369,792
369,794
369,807
369,836
369,879
369,911
369,912
369,929
369,930
369,931
369,932
369,933
370,286
371,388
371,930
373,331
373,375
373,378
373,389
373,603
373,756
373,767
373,770
373,775
373,790
374,1
374,3
374,10
374,92
374,99
374,174
374,285
374,326
374,327
374,328
374,331
374,368
374,384
374,387
374,405
374,407
374,737
374,790
374,794
374,807
374,836
374,911
375,373
375,378
375,603
375,714
375,756
375,767
375,770
375,775
376,379
378,373
378,375
378,603
378,714
378,767
378,770
378,775
378,848
379,376
382,207
382,314
382,547
382,554
382,557
382,570
382,612
382,613
382,696
382,782
382,783
382,784
382,785
382,786
382,789
382,904
382,912
383,6
383,8
383,35
383,36
383,60
383,398
383,585
383,588
383,598
383,660
383,678
383,765
384,1
384,3
384,92
384,99
384,174
384,325
384,326
384,327
384,328
384,329
384,331
384,339
384,360
384,368
384,369
384,374
384,386
384,387
384,397
384,405
384,407
384,556
384,593
384,603
384,737
384,741
384,742
384,790
384,794
384,807
384,828
384,836
384,911
384,931
384,932
384,933
385,325
385,329
385,332
385,369
385,386
385,772
385,933
386,1
386,2
386,3
386,14
386,65
386,74
386,92
386,93
386,99
386,174
386,314
386,325
386,326
386,327
386,328
386,329
386,338
386,339
386,352
386,360
386,368
386,369
386,384
386,385
386,388
386,405
386,407
386,436
386,442
386,495
386,503
386,535
386,543
386,546
386,556
386,559
386,593
386,602
386,603
386,605
386,619
386,745
386,768
386,790
386,792
386,794
386,807
386,836
386,879
386,911
386,912
386,929
386,930
386,931
386,932
386,933
387,1
387,92
387,326
387,327
387,328
387,368
387,374
387,384
387,405
387,407
387,790
387,794
387,807
387,836
387,911
387,931
388,1
388,14
388,22
388,30
388,65
388,92
388,93
388,99
388,325
388,327
388,329
388,339
388,360
388,368
388,369
388,371
388,386
388,405
388,407
388,442
388,495
388,572
388,758
388,768
388,781
388,788
388,790
388,794
388,801
388,836
388,913
388,930
388,931
388,932
388,933
389,373
389,767
389,770
391,403
391,764
391,812
392,713
393,806
394,59
394,217
394,331
394,402
394,418
394,689
394,707
394,758
394,801
396,92
396,99
396,360
396,397
396,408
396,472
396,603
396,771
396,774
396,831
397,92
397,98
397,99
397,328
397,384
397,396
397,407
397,408
397,594
397,603
397,767
397,770
397,771
397,807
398,3
398,17
398,27
398,36
398,60
398,65
398,92
398,99
398,100
398,208
398,283
398,343
398,344
398,346
398,347
398,358
398,359
398,360
398,364
398,383
398,405
398,468
398,471
398,502
398,510
398,548
398,552
398,561
398,585
398,598
398,599
398,600
398,605
398,606
398,615
398,660
398,678
398,685
398,722
398,745
398,757
398,758
398,772
398,826
398,831
398,931
401,407
402,33
402,36
402,59
402,60
402,331
402,394
402,410
402,660
402,707
402,748
403,391
403,764
403,812
405,1
405,2
405,3
405,10
405,14
405,22
405,65
405,68
405,92
405,93
405,99
405,141
405,174
405,208
405,283
405,320
405,325
405,326
405,327
405,328
405,329
405,332
405,338
405,339
405,349
405,359
405,360
405,364
405,366
405,368
405,369
405,374
405,384
405,386
405,387
405,388
405,398
405,407
405,412
405,442
405,449
405,472
405,484
405,486
405,495
405,585
405,593
405,602
405,603
405,605
405,678
405,758
405,768
405,772
405,790
405,794
405,807
405,836
405,879
405,903
405,911
405,930
405,931
405,932
405,933
406,63
407,1
407,3
407,10
407,92
407,93
407,99
407,174
407,325
407,326
407,327
407,328
407,329
407,331
407,339
407,360
407,368
407,369
407,374
407,384
407,386
407,387
407,388
407,397
407,401
407,405
407,556
407,594
407,737
407,741
407,742
407,790
407,794
407,801
407,807
407,828
407,836
407,911
407,930
407,931
407,933
408,92
408,93
408,98
408,99
408,360
408,365
408,396
408,397
408,603
408,771
408,831
409,37
409,38
409,103
410,33
410,402
410,748
411,141
411,181
411,421
412,3
412,20
412,35
412,52
412,55
412,56
412,68
412,92
412,99
412,283
412,349
412,359
412,360
412,361
412,364
412,405
412,424
412,726
412,929
414,29
414,421
414,744
415,849
416,417
416,688
416,689
417,59
417,416
417,639
418,59
418,331
418,394
418,707
419,99
419,141
419,360
419,535
419,546
419,619
420,179
420,181
420,421
420,423
420,691
420,839
421,29
421,53
421,141
421,154
421,166
421,172
421,179
421,181
421,226
421,234
421,239
421,411
421,414
421,420
421,423
421,425
421,462
421,536
421,554
421,649
421,691
421,746
421,808
421,811
421,829
421,830
421,839
421,846
422,100
422,127
422,344
422,564
423,29
423,53
423,76
423,150
423,154
423,166
423,179
423,181
423,239
423,352
423,420
423,421
423,425
423,495
423,554
423,689
423,691
423,746
423,800
423,829
423,830
423,846
423,858
423,905
423,910
424,412
425,52
425,69
425,76
425,179
425,181
425,421
425,423
425,677
425,689
425,691
425,712
425,839
425,912
425,915
427,17
427,27
427,100
427,343
427,356
427,490
427,510
427,552
427,598
427,600
427,660
427,678
428,432
428,477
428,589
431,660
432,31
432,428
432,475
432,481
432,491
432,492
432,493
432,539
432,681
432,860
432,924
436,52
436,99
436,314
436,329
436,360
436,369
436,386
436,535
436,543
436,546
436,559
436,605
436,619
436,726
436,792
436,912
436,915
436,929
439,479
439,681
442,14
442,30
442,65
442,325
442,327
442,329
442,369
442,386
442,388
442,405
442,495
442,536
442,749
442,758
442,768
442,778
442,790
442,911
442,913
442,930
442,932
443,335
443,508
447,817
449,92
449,99
449,208
449,283
449,359
449,360
449,364
449,405
449,573
449,772
451,39
452,469
453,477
453,502
455,32
455,459
455,491
455,492
455,515
455,562
455,567
455,568
455,647
455,673
455,926
456,32
456,459
456,491
456,492
456,515
456,562
456,567
456,568
456,614
456,647
456,670
456,673
456,926
457,701
457,717
457,727
459,32
459,455
459,456
459,478
459,484
459,485
459,491
459,492
459,493
459,512
459,515
459,533
459,542
459,562
459,567
459,568
459,646
459,647
459,655
459,673
459,686
459,878
459,926
460,463
462,421
462,469
462,839
463,460
463,466
466,463
466,491
466,492
466,507
466,511
466,512
466,927
467,469
468,27
468,398
468,585
468,678
468,826
469,452
469,462
469,467
469,474
469,508
470,474
471,13
471,17
471,32
471,347
471,398
471,472
471,552
471,561
471,585
471,599
471,660
471,678
471,722
471,757
471,765
471,878
472,73
472,92
472,99
472,208
472,283
472,346
472,349
472,350
472,352
472,359
472,360
472,364
472,396
472,405
472,471
472,561
472,757
472,772
474,469
474,470
475,432
475,477
475,481
475,482
475,491
475,492
475,493
475,647
475,738
475,860
475,924
476,681
477,428
477,453
477,475
477,481
477,738
477,859
477,924
478,32
478,459
478,491
478,492
478,515
478,562
478,567
478,568
478,646
478,647
478,673
478,926
479,439
480,357
480,858
481,432
481,475
481,477
481,482
481,491
481,492
481,515
481,644
481,647
481,860
481,924
482,475
482,481
482,491
482,492
482,647
482,924
483,198
483,842
483,864
483,873
483,893
483,894
483,918
484,1
484,2
484,14
484,32
484,320
484,405
484,459
484,491
484,492
484,493
484,495
484,515
484,562
484,567
484,568
484,647
484,673
484,926
485,32
485,459
485,491
485,492
485,502
485,515
485,562
485,567
485,568
485,644
485,646
485,647
485,673
485,926
486,405
489,559
490,17
490,27
490,100
490,343
490,427
490,510
490,552
490,566
490,583
490,585
490,596
490,600
490,660
490,678
491,11
491,32
491,432
491,455
491,456
491,459
491,466
491,475
491,478
491,481
491,482
491,484
491,485
491,492
491,493
491,502
491,507
491,512
491,515
491,520
491,533
491,539
491,542
491,545
491,558
491,560
491,562
491,567
491,568
491,589
491,595
491,614
491,644
491,646
491,647
491,655
491,662
491,673
491,681
491,686
491,709
491,860
491,878
491,924
491,926
492,11
492,32
492,432
492,455
492,456
492,459
492,466
492,475
492,478
492,481
492,482
492,484
492,485
492,491
492,493
492,502
492,507
492,512
492,515
492,520
492,533
492,539
492,542
492,545
492,558
492,560
492,562
492,567
492,568
492,589
492,595
492,614
492,644
492,646
492,647
492,655
492,662
492,673
492,681
492,686
492,709
492,860
492,878
492,924
492,926
493,1
493,32
493,432
493,459
493,475
493,484
493,491
493,492
493,502
493,515
493,533
493,562
493,567
493,568
493,639
493,647
493,673
493,860
493,926
495,1
495,2
495,13
495,14
495,29
495,65
495,92
495,99
495,179
495,320
495,325
495,327
495,329
495,339
495,360
495,369
495,386
495,388
495,405
495,423
495,442
495,484
495,691
495,758
495,768
495,801
495,836
495,842
495,913
495,930
495,931
495,932
495,933
498,529
499,85
499,245
499,351
499,529
500,798
502,107
502,341
502,398
502,453
502,485
502,491
502,492
502,493
502,539
502,561
502,605
502,745
503,3
503,29
503,65
503,68
503,75
503,314
503,329
503,349
503,369
503,386
503,535
503,536
503,546
503,559
503,602
503,605
503,606
503,613
503,619
503,620
503,624
503,745
503,749
503,783
503,789
503,792
503,825
503,909
503,910
503,912
503,915
503,916
503,929
506,99
506,323
506,360
506,535
506,544
506,593
506,860
507,466
507,491
507,492
507,511
507,512
508,443
508,469
510,17
510,27
510,99
510,100
510,343
510,347
510,360
510,398
510,427
510,490
510,552
510,585
510,599
510,600
510,660
510,678
510,722
510,757
511,466
511,507
511,512
512,32
512,459
512,466
512,491
512,492
512,507
512,511
512,515
512,562
512,567
512,568
512,647
512,673
512,926
513,166
513,542
513,858
515,32
515,455
515,456
515,459
515,478
515,481
515,484
515,485
515,491
515,492
515,493
515,512
515,533
515,542
515,562
515,567
515,568
515,644
515,646
515,647
515,655
515,673
515,686
515,878
515,926
520,173
520,491
520,492
520,926
521,644
522,899
523,780
524,736
529,498
529,499
533,32
533,459
533,491
533,492
533,493
533,515
533,562
533,567
533,568
533,644
533,926
535,29
535,61
535,65
535,99
535,141
535,186
535,233
535,314
535,329
535,341
535,360
535,369
535,386
535,419
535,436
535,503
535,506
535,536
535,543
535,544
535,546
535,547
535,554
535,557
535,559
535,602
535,605
535,606
535,610
535,612
535,619
535,620
535,624
535,709
535,745
535,789
535,791
535,825
535,910
535,912
535,916
535,929
536,29
536,65
536,421
536,442
536,503
536,535
536,546
536,554
536,578
536,605
536,606
536,618
536,619
536,749
536,789
536,791
536,825
536,831
536,839
536,909
536,910
536,912
536,916
537,28
537,61
537,111
537,115
537,161
537,186
537,538
537,547
537,554
537,557
537,559
537,560
537,610
537,612
537,619
537,621
537,624
537,625
537,704
537,709
537,745
537,825
537,879
537,904
537,910
538,28
538,537
539,82
539,432
539,491
539,492
539,502
539,545
539,551
539,559
539,595
539,860
540,318
540,326
540,328
540,329
540,369
540,556
540,911
541,185
542,32
542,345
542,459
542,491
542,492
542,513
542,515
542,562
542,567
542,568
542,647
542,673
542,926
543,99
543,314
543,329
543,360
543,369
543,386
543,436
543,535
543,546
543,559
543,605
543,619
543,929
544,99
544,113
544,221
544,281
544,360
544,506
544,535
544,552
544,585
544,587
544,596
544,932
545,2
545,8
545,9
545,491
545,492
545,539
545,614
545,686
545,692
546,25
546,34
546,61
546,65
546,93
546,99
546,104
546,141
546,186
546,233
546,314
546,329
546,341
546,360
546,369
546,386
546,419
546,436
546,503
546,535
546,536
546,543
546,547
546,549
546,554
546,559
546,602
546,605
546,606
546,612
546,619
546,624
546,709
546,789
546,791
546,825
546,910
546,912
546,916
546,929
546,930
547,61
547,72
547,111
547,133
547,161
547,186
547,224
547,326
547,328
547,329
547,369
547,382
547,535
547,537
547,546
547,554
547,556
547,557
547,559
547,578
547,606
547,612
547,618
547,619
547,624
547,677
547,709
547,825
547,910
547,911
547,912
547,916
548,398
548,585
548,605
548,678
549,25
549,34
549,546
549,559
551,539
551,600
551,605
552,17
552,27
552,92
552,99
552,100
552,343
552,347
552,352
552,358
552,360
552,398
552,427
552,471
552,490
552,510
552,544
552,561
552,566
552,583
552,585
552,596
552,599
552,600
552,615
552,660
552,678
552,722
552,757
552,826
552,892
552,932
554,29
554,53
554,61
554,72
554,133
554,161
554,179
554,186
554,224
554,239
554,352
554,382
554,421
554,423
554,535
554,536
554,537
554,546
554,547
554,557
554,559
554,578
554,606
554,612
554,618
554,619
554,624
554,677
554,691
554,709
554,746
554,825
554,910
554,912
554,916
556,174
556,325
556,326
556,328
556,329
556,368
556,369
556,384
556,386
556,407
556,540
556,547
556,559
556,624
556,709
556,730
556,790
556,794
556,911
556,931
556,933
557,61
557,111
557,161
557,186
557,207
557,382
557,535
557,537
557,547
557,554
557,610
557,611
557,612
557,620
557,621
557,696
557,745
557,782
557,784
557,789
557,904
557,910
558,38
558,82
558,199
558,491
558,492
558,559
558,595
558,620
558,661
558,673
558,860
558,910
558,926
559,29
559,30
559,61
559,74
559,161
559,186
559,207
559,314
559,326
559,329
559,352
559,369
559,386
559,436
559,489
559,503
559,535
559,537
559,539
559,543
559,546
559,547
559,549
559,554
559,556
559,558
559,560
559,578
559,605
559,609
559,612
559,613
559,619
559,620
559,622
559,696
559,705
559,709
559,745
559,749
559,782
559,783
559,784
559,785
559,786
559,792
559,825
559,904
559,910
559,911
559,912
559,915
559,929
560,28
560,32
560,61
560,111
560,115
560,491
560,492
560,537
560,559
560,567
560,576
560,595
560,610
560,621
560,625
560,704
560,745
560,904
560,925
561,17
561,27
561,32
561,346
561,347
561,349
561,350
561,398
561,471
561,472
561,502
561,552
561,567
561,585
561,599
561,605
561,660
561,678
561,722
561,831
562,32
562,455
562,456
562,459
562,478
562,484
562,485
562,491
562,492
562,493
562,512
562,515
562,533
562,542
562,567
562,568
562,614
562,646
562,647
562,655
562,670
562,673
562,686
562,878
562,925
562,926
563,600
563,660
564,35
564,71
564,92
564,99
564,127
564,142
564,344
564,360
564,422
565,315
565,316
565,566
565,596
566,283
566,315
566,316
566,317
566,324
566,338
566,490
566,552
566,565
567,32
567,455
567,456
567,459
567,478
567,484
567,485
567,491
567,492
567,493
567,512
567,515
567,533
567,542
567,560
567,561
567,562
567,568
567,595
567,629
567,646
567,647
567,655
567,673
567,686
567,878
567,926
568,32
568,455
568,456
568,459
568,478
568,484
568,485
568,491
568,492
568,493
568,512
568,515
568,533
568,542
568,562
568,567
568,646
568,647
568,655
568,673
568,686
568,878
568,926
569,161
569,863
570,382
570,613
570,783
570,784
570,785
570,897
571,660
572,65
572,68
572,99
572,359
572,360
572,388
572,781
572,929
572,930
573,449
576,560
576,835
576,925
578,207
578,536
578,547
578,554
578,559
578,605
578,612
578,620
578,749
578,825
579,173
579,926
582,31
583,490
583,552
583,596
584,25
584,34
584,319
584,321
585,14
585,17
585,27
585,36
585,60
585,92
585,99
585,100
585,208
585,283
585,343
585,346
585,347
585,358
585,359
585,360
585,364
585,383
585,398
585,405
585,468
585,471
585,490
585,510
585,544
585,548
585,552
585,561
585,596
585,598
585,599
585,600
585,615
585,660
585,678
585,685
585,722
585,757
585,758
585,772
585,826
585,931
585,932
587,113
587,221
587,281
587,544
587,852
588,25
588,34
588,383
588,660
589,428
589,491
589,492
589,596
589,646
592,596
593,3
593,65
593,92
593,99
593,174
593,323
593,325
593,326
593,327
593,328
593,329
593,339
593,360
593,369
593,384
593,386
593,405
593,506
593,602
593,603
593,741
593,742
593,743
593,794
593,836
593,860
593,911
593,931
593,932
593,933
594,397
594,407
595,82
595,491
595,492
595,539
595,558
595,560
595,567
595,637
595,711
596,490
596,544
596,552
596,565
596,583
596,585
596,589
596,592
596,932
598,356
598,383
598,398
598,427
598,585
598,660
598,678
598,765
599,17
599,27
599,92
599,99
599,100
599,332
599,339
599,343
599,347
599,358
599,360
599,398
599,471
599,510
599,552
599,561
599,585
599,600
599,615
599,660
599,678
599,722
599,727
599,757
599,772
599,826
600,17
600,27
600,100
600,104
600,343
600,347
600,398
600,427
600,490
600,510
600,551
600,552
600,563
600,585
600,599
600,660
600,678
600,722
601,25
601,34
602,3
602,65
602,92
602,99
602,141
602,283
602,314
602,325
602,326
602,329
602,338
602,339
602,341
602,357
602,359
602,360
602,364
602,369
602,386
602,405
602,503
602,535
602,546
602,593
602,605
602,606
602,615
602,619
602,720
602,745
602,836
602,863
602,903
602,911
602,912
602,932
602,933
603,92
603,99
603,174
603,320
603,325
603,326
603,327
603,328
603,329
603,339
603,360
603,369
603,373
603,375
603,378
603,384
603,386
603,396
603,397
603,405
603,408
603,593
603,718
603,743
603,767
603,770
603,771
603,774
603,790
603,794
603,836
603,911
603,931
603,932
603,933
605,3
605,14
605,27
605,28
605,65
605,74
605,83
605,92
605,99
605,208
605,224
605,283
605,314
605,326
605,328
605,329
605,338
605,341
605,344
605,347
605,352
605,359
605,360
605,364
605,369
605,386
605,398
605,405
605,436
605,502
605,503
605,535
605,536
605,543
605,546
605,548
605,551
605,559
605,561
605,578
605,602
605,606
605,619
605,722
605,745
605,772
605,792
605,831
605,911
605,912
605,916
605,929
606,29
606,65
606,341
606,398
606,503
606,535
606,536
606,546
606,547
606,554
606,602
606,605
606,612
606,619
606,620
606,624
606,745
606,789
606,791
606,910
606,912
606,916
607,860
609,559
610,28
610,29
610,61
610,111
610,207
610,535
610,537
610,557
610,560
610,611
610,621
610,624
610,696
610,745
610,782
610,784
610,789
610,904
611,111
611,207
611,557
611,610
611,621
611,696
611,782
611,784
611,789
611,904
612,61
612,72
612,133
612,161
612,186
612,224
612,382
612,535
612,537
612,546
612,547
612,554
612,557
612,559
612,578
612,606
612,618
612,619
612,624
612,677
612,701
612,705
612,709
612,717
612,727
612,825
612,910
612,912
612,916
613,19
613,382
613,503
613,559
613,570
613,620
613,783
613,784
613,785
613,786
613,910
613,915
613,928
614,456
614,491
614,492
614,545
614,562
615,17
615,19
615,341
615,347
615,398
615,552
615,585
615,599
615,602
615,660
615,678
615,720
615,722
615,860
615,863
615,887
615,891
615,903
616,92
616,99
616,208
616,317
616,338
616,360
616,633
618,72
618,536
618,547
618,554
618,612
618,791
619,29
619,61
619,65
619,74
619,92
619,99
619,141
619,161
619,186
619,233
619,314
619,326
619,329
619,338
619,341
619,352
619,360
619,369
619,386
619,419
619,436
619,503
619,535
619,536
619,537
619,543
619,546
619,547
619,554
619,559
619,602
619,605
619,606
619,612
619,624
619,709
619,745
619,789
619,791
619,792
619,825
619,879
619,910
619,911
619,912
619,916
619,929
620,29
620,111
620,173
620,503
620,535
620,557
620,558
620,559
620,578
620,606
620,613
620,621
620,624
620,745
620,910
620,926
621,28
621,61
621,111
621,207
621,537
621,557
621,560
621,610
621,611
621,620
621,696
621,703
621,706
621,745
621,782
621,784
621,904
622,559
624,29
624,161
624,341
624,503
624,535
624,537
624,546
624,547
624,554
624,556
624,606
624,610
624,612
624,619
624,620
624,709
624,845
624,910
624,911
624,912
625,29
625,30
625,61
625,115
625,537
625,560
625,703
625,704
625,745
625,749
625,835
625,904
629,567
631,118
631,881
631,893
631,894
633,92
633,99
633,208
633,317
633,338
633,360
633,616
634,75
634,705
637,82
637,595
637,711
639,9
639,36
639,59
639,60
639,69
639,417
639,493
639,688
639,689
639,690
639,692
639,695
639,708
639,748
639,781
640,109
644,481
644,485
644,491
644,492
644,515
644,521
644,533
644,646
644,647
645,663
646,32
646,459
646,478
646,485
646,491
646,492
646,515
646,562
646,567
646,568
646,589
646,644
646,647
646,926
647,32
647,455
647,456
647,459
647,475
647,478
647,481
647,482
647,484
647,485
647,491
647,492
647,493
647,512
647,515
647,542
647,562
647,567
647,568
647,644
647,646
647,655
647,673
647,686
647,752
647,878
647,924
647,926
648,48
648,736
649,181
649,421
650,835
651,362
655,32
655,230
655,459
655,491
655,492
655,515
655,562
655,567
655,568
655,647
655,673
655,926
659,99
659,141
659,357
659,360
660,8
660,17
660,27
660,100
660,343
660,347
660,356
660,358
660,383
660,398
660,402
660,427
660,431
660,471
660,490
660,510
660,552
660,561
660,563
660,571
660,585
660,588
660,598
660,599
660,600
660,615
660,665
660,678
660,722
660,757
660,765
660,826
661,19
661,76
661,558
662,491
662,492
663,16
663,645
665,660
667,702
668,279
670,456
670,562
671,20
671,35
671,36
671,41
671,50
671,51
671,52
671,60
671,68
671,71
671,92
671,99
671,101
671,167
671,230
671,332
671,359
671,360
671,361
671,726
671,754
671,772
671,792
671,840
672,701
672,717
672,727
673,32
673,455
673,456
673,459
673,478
673,484
673,485
673,491
673,492
673,493
673,512
673,515
673,542
673,558
673,562
673,567
673,568
673,647
673,655
673,686
673,714
673,878
673,926
677,61
677,69
677,76
677,161
677,425
677,547
677,554
677,612
677,689
677,792
677,879
677,910
677,912
677,915
678,17
678,27
678,36
678,60
678,92
678,99
678,100
678,208
678,283
678,343
678,346
678,347
678,352
678,358
678,359
678,360
678,364
678,383
678,398
678,405
678,427
678,468
678,471
678,490
678,510
678,548
678,552
678,561
678,585
678,598
678,599
678,600
678,615
678,660
678,685
678,722
678,757
678,758
678,772
678,826
678,862
678,892
678,931
681,11
681,432
681,439
681,476
681,491
681,492
681,860
683,872
685,398
685,585
685,678
686,9
686,32
686,320
686,459
686,491
686,492
686,515
686,545
686,562
686,567
686,568
686,647
686,673
686,692
686,926
687,9
687,692
687,912
688,9
688,33
688,36
688,42
688,50
688,59
688,60
688,76
688,331
688,416
688,639
688,689
688,690
688,695
688,708
688,781
688,908
689,36
689,50
689,52
689,59
689,60
689,69
689,76
689,179
689,331
689,394
689,416
689,423
689,425
689,639
689,677
689,688
689,690
689,691
689,695
689,708
689,712
689,781
689,908
689,915
690,9
690,36
690,59
690,60
690,639
690,688
690,689
690,695
690,708
691,29
691,53
691,76
691,150
691,154
691,166
691,179
691,181
691,239
691,352
691,420
691,421
691,423
691,425
691,495
691,554
691,689
691,746
691,800
691,829
691,830
691,846
691,858
691,905
691,910
692,9
692,52
692,69
692,320
692,545
692,639
692,686
692,687
692,712
692,915
693,716
693,780
694,727
695,25
695,34
695,36
695,50
695,52
695,59
695,60
695,69
695,331
695,639
695,688
695,689
695,690
695,708
695,781
695,915
696,111
696,207
696,382
696,557
696,559
696,610
696,611
696,621
696,782
696,784
696,789
696,904
698,700
699,727
700,698
700,706
700,708
701,333
701,457
701,612
701,672
701,717
701,727
702,667
703,14
703,28
703,30
703,59
703,61
703,115
703,621
703,625
703,704
703,706
703,707
703,835
703,904
704,14
704,29
704,30
704,61
704,115
704,537
704,560
704,625
704,703
704,835
704,904
705,75
705,354
705,559
705,612
705,634
705,708
705,727
705,825
706,28
706,61
706,621
706,700
706,703
706,708
706,745
706,879
706,904
707,29
707,30
707,59
707,115
707,394
707,402
707,418
707,703
707,748
707,749
707,781
708,36
708,59
708,60
708,639
708,688
708,689
708,690
708,695
708,700
708,705
708,706
709,1
709,40
709,61
709,161
709,186
709,491
709,492
709,535
709,537
709,546
709,547
709,554
709,556
709,559
709,612
709,619
709,624
709,825
709,910
710,3
710,16
710,68
710,75
710,330
710,349
710,712
710,843
710,855
711,595
711,637
712,20
712,69
712,76
712,425
712,689
712,692
712,710
713,392
714,375
714,378
714,673
714,767
714,770
715,75
715,133
715,825
716,693
716,780
717,333
717,457
717,612
717,672
717,701
717,727
717,928
718,603
718,767
718,770
720,341
720,602
720,615
720,863
720,877
720,887
720,891
720,903
721,359
721,361
722,3
722,17
722,27
722,92
722,99
722,100
722,343
722,344
722,347
722,358
722,360
722,398
722,471
722,510
722,552
722,561
722,585
722,599
722,600
722,605
722,615
722,660
722,678
722,745
722,757
722,826
722,831
723,92
723,99
723,360
724,727
726,9
726,20
726,23
726,35
726,36
726,41
726,46
726,50
726,51
726,52
726,54
726,55
726,56
726,60
726,64
726,68
726,69
726,71
726,73
726,76
726,99
726,101
726,359
726,360
726,361
726,412
726,436
726,671
726,739
726,754
726,781
726,792
726,840
726,912
726,915
726,929
726,931
726,933
727,333
727,334
727,339
727,457
727,599
727,612
727,672
727,694
727,699
727,701
727,705
727,717
727,724
729,767
729,770
730,556
731,92
731,99
731,317
731,338
731,339
731,360
731,772
733,334
736,86
736,182
736,219
736,294
736,524
736,648
736,822
736,857
737,327
737,368
737,374
737,384
737,407
737,766
737,768
737,801
737,807
737,913
738,19
738,475
738,477
738,887
738,891
739,20
739,50
739,52
739,69
739,101
739,726
739,754
739,792
739,840
740,743
741,326
741,327
741,328
741,384
741,407
741,593
741,742
741,743
741,911
741,931
742,326
742,327
742,328
742,384
742,407
742,593
742,741
742,743
742,911
742,931
743,325
743,329
743,369
743,593
743,603
743,740
743,741
743,742
743,931
743,933
744,414
745,3
745,28
745,61
745,65
745,111
745,115
745,314
745,329
745,341
745,347
745,369
745,386
745,398
745,502
745,503
745,535
745,537
745,557
745,559
745,560
745,602
745,605
745,606
745,610
745,619
745,620
745,621
745,625
745,706
745,722
745,831
745,879
745,904
745,910
746,53
746,179
746,181
746,239
746,421
746,423
746,554
746,691
748,33
748,59
748,402
748,410
748,639
748,707
749,14
749,29
749,30
749,62
749,75
749,115
749,442
749,503
749,536
749,559
749,578
749,625
749,707
749,783
749,825
749,835
749,909
749,915
749,917
750,9
752,647
753,321
754,20
754,35
754,36
754,41
754,46
754,50
754,51
754,52
754,54
754,55
754,56
754,60
754,64
754,68
754,69
754,71
754,73
754,101
754,359
754,360
754,361
754,671
754,726
754,739
754,771
754,781
754,792
754,840
754,912
754,915
754,931
756,217
756,373
756,375
756,767
756,770
756,775
757,17
757,99
757,347
757,360
757,398
757,471
757,472
757,510
757,552
757,585
757,599
757,660
757,678
757,722
757,765
758,2
758,92
758,99
758,174
758,327
758,332
758,388
758,394
758,398
758,405
758,442
758,495
758,585
758,678
758,794
758,801
758,807
758,836
758,930
758,931
758,932
760,230
761,92
761,99
761,360
764,391
764,403
765,383
765,471
765,598
765,660
765,757
766,20
766,69
766,737
767,38
767,373
767,375
767,378
767,389
767,397
767,603
767,714
767,718
767,729
767,756
767,770
767,771
767,775
767,848
768,1
768,14
768,65
768,326
768,327
768,329
768,369
768,386
768,388
768,405
768,442
768,495
768,737
768,913
768,930
768,932
770,38
770,373
770,375
770,378
770,389
770,397
770,603
770,714
770,718
770,729
770,756
770,767
770,771
770,775
770,848
771,37
771,92
771,99
771,101
771,317
771,338
771,360
771,396
771,397
771,408
771,603
771,754
771,767
771,770
772,65
772,68
772,92
772,99
772,141
772,208
772,283
772,315
772,317
772,332
772,338
772,339
772,349
772,359
772,360
772,364
772,366
772,385
772,398
772,405
772,449
772,472
772,585
772,599
772,605
772,671
772,678
772,731
772,836
772,903
773,80
773,368
773,794
774,396
774,603
775,373
775,375
775,378
775,756
775,767
775,770
775,913
776,207
778,29
778,442
778,842
778,913
778,918
779,928
780,523
780,693
780,716
781,20
781,23
781,28
781,35
781,36
781,46
781,50
781,51
781,52
781,54
781,59
781,60
781,71
781,73
781,76
781,101
781,359
781,388
781,572
781,639
781,688
781,689
781,695
781,707
781,726
781,754
781,792
781,840
781,912
781,915
781,929
781,930
782,62
782,111
782,207
782,382
782,557
782,559
782,610
782,611
782,621
782,696
782,783
782,784
782,789
782,904
782,915
782,929
783,19
783,62
783,89
783,382
783,503
783,559
783,570
783,613
783,749
783,782
783,784
783,785
783,786
783,789
783,792
783,912
783,915
783,928
783,929
784,62
784,111
784,207
784,382
784,557
784,559
784,570
784,610
784,611
784,613
784,621
784,696
784,782
784,783
784,785
784,786
784,789
784,904
784,915
784,928
785,89
785,382
785,559
785,570
785,613
785,783
785,784
785,786
785,915
785,916
785,928
786,62
786,382
786,559
786,613
786,783
786,784
786,785
786,915
788,99
788,360
788,388
788,918
788,930
789,207
789,382
789,503
789,535
789,536
789,546
789,557
789,606
789,610
789,611
789,619
789,696
789,782
789,783
789,784
789,791
789,825
789,850
789,904
789,912
789,916
790,1
790,92
790,93
790,99
790,174
790,325
790,328
790,329
790,339
790,360
790,368
790,369
790,373
790,374
790,384
790,386
790,387
790,388
790,405
790,407
790,442
790,556
790,603
790,794
790,807
790,836
790,911
790,930
790,931
790,933
791,29
791,535
791,536
791,546
791,606
791,618
791,619
791,789
791,912
791,916
791,929
792,20
792,35
792,36
792,41
792,46
792,50
792,51
792,52
792,54
792,55
792,56
792,60
792,62
792,64
792,65
792,68
792,69
792,71
792,73
792,76
792,101
792,314
792,329
792,359
792,360
792,361
792,369
792,386
792,436
792,503
792,559
792,605
792,619
792,671
792,677
792,726
792,739
792,754
792,781
792,783
792,840
792,879
792,912
792,915
792,916
792,917
792,929
792,931
794,1
794,2
794,92
794,93
794,99
794,174
794,325
794,326
794,327
794,328
794,329
794,339
794,360
794,368
794,369
794,374
794,384
794,386
794,387
794,388
794,405
794,407
794,556
794,593
794,603
794,758
794,773
794,790
794,807
794,836
794,911
794,913
794,930
794,931
794,933
795,903
796,321
798,500
800,179
800,423
800,691
801,46
801,51
801,217
801,327
801,388
801,394
801,407
801,495
801,737
801,758
801,807
801,808
801,842
801,913
801,930
806,393
807,1
807,2
807,3
807,92
807,99
807,174
807,325
807,326
807,327
807,328
807,329
807,331
807,339
807,360
807,368
807,369
807,374
807,384
807,386
807,387
807,397
807,405
807,407
807,737
807,758
807,790
807,794
807,801
807,828
807,836
807,911
807,913
807,931
807,933
808,29
808,327
808,421
808,801
808,813
808,835
808,839
808,913
811,37
811,38
811,199
811,227
811,421
812,391
812,403
813,808
815,160
817,447
818,7
822,736
824,86
825,61
825,75
825,161
825,186
825,503
825,535
825,536
825,537
825,546
825,547
825,554
825,559
825,578
825,612
825,619
825,705
825,709
825,715
825,749
825,789
825,910
825,912
826,17
826,25
826,27
826,34
826,104
826,347
826,398
826,468
826,552
826,585
826,599
826,660
826,678
826,722
826,831
828,1
828,189
828,326
828,327
828,330
828,331
828,384
828,407
828,807
828,901
829,179
829,181
829,421
829,423
829,691
829,839
830,172
830,179
830,181
830,421
830,423
830,691
830,839
831,3
831,27
831,92
831,93
831,98
831,99
831,344
831,347
831,360
831,365
831,396
831,398
831,408
831,536
831,561
831,605
831,722
831,745
831,826
835,30
835,576
835,625
835,650
835,703
835,704
835,749
835,808
835,909
836,1
836,2
836,3
836,14
836,65
836,92
836,93
836,99
836,174
836,208
836,283
836,320
836,325
836,326
836,327
836,328
836,329
836,338
836,339
836,359
836,360
836,364
836,368
836,369
836,374
836,384
836,386
836,387
836,388
836,405
836,407
836,495
836,593
836,602
836,603
836,758
836,772
836,790
836,794
836,807
836,911
836,930
836,931
836,932
836,933
839,29
839,43
839,154
839,166
839,172
839,181
839,226
839,234
839,420
839,421
839,425
839,462
839,536
839,808
839,829
839,830
839,846
840,20
840,35
840,36
840,41
840,46
840,50
840,51
840,52
840,54
840,55
840,56
840,60
840,64
840,68
840,69
840,71
840,101
840,248
840,359
840,361
840,671
840,726
840,739
840,754
840,781
840,792
840,912
841,99
841,360
842,26
842,29
842,150
842,172
842,198
842,204
842,241
842,251
842,483
842,495
842,778
842,801
842,856
842,873
842,893
842,894
842,918
843,47
843,87
843,330
843,353
843,710
843,855
845,624
846,179
846,181
846,421
846,423
846,691
846,839
848,378
848,767
848,770
849,415
850,789
852,113
852,221
852,281
852,587
853,857
855,330
855,710
855,843
856,842
856,873
856,893
856,894
856,918
857,245
857,736
857,853
858,166
858,179
858,423
858,480
858,513
858,691
859,477
860,11
860,323
860,334
860,432
860,475
860,481
860,491
860,492
860,493
860,506
860,539
860,558
860,593
860,607
860,615
860,681
860,924
860,926
861,887
861,891
862,678
862,866
862,887
862,891
862,892
862,903
863,92
863,99
863,189
863,360
863,569
863,602
863,615
863,720
863,864
863,885
863,887
863,891
863,892
863,903
864,483
864,863
864,868
864,881
864,885
865,222
865,866
865,881
865,887
865,892
865,897
866,118
866,341
866,862
866,865
866,881
866,887
866,891
866,892
866,897
868,864
868,875
868,908
869,899
872,683
873,26
873,198
873,219
873,251
873,483
873,842
873,856
873,881
873,884
873,893
873,894
873,897
873,918
873,919
875,196
875,868
875,908
877,720
877,891
878,32
878,334
878,459
878,471
878,491
878,492
878,515
878,562
878,567
878,568
878,647
878,673
878,926
879,52
879,61
879,329
879,369
879,386
879,405
879,537
879,619
879,677
879,706
879,745
879,792
879,904
879,912
879,915
879,931
881,105
881,118
881,213
881,631
881,864
881,865
881,866
881,873
881,884
881,887
881,893
881,894
881,897
884,127
884,873
884,881
884,893
884,894
884,897
884,900
885,189
885,863
885,864
886,188
887,118
887,341
887,615
887,720
887,738
887,861
887,862
887,863
887,865
887,866
887,881
887,891
887,892
887,903
891,615
891,720
891,738
891,861
891,862
891,863
891,866
891,877
891,887
891,892
891,899
891,903
892,17
892,552
892,678
892,862
892,863
892,865
892,866
892,887
892,891
892,903
893,26
893,172
893,198
893,204
893,241
893,251
893,483
893,631
893,842
893,856
893,873
893,881
893,884
893,894
893,897
893,918
893,919
894,26
894,172
894,198
894,204
894,241
894,251
894,483
894,631
894,842
894,856
894,873
894,881
894,884
894,893
894,897
894,918
894,919
897,570
897,865
897,866
897,873
897,881
897,884
897,893
897,894
899,522
899,869
899,891
900,884
901,156
901,828
903,92
903,99
903,208
903,283
903,359
903,360
903,364
903,405
903,602
903,615
903,720
903,772
903,795
903,862
903,863
903,887
903,891
903,892
904,61
904,111
904,115
904,207
904,382
904,537
904,557
904,559
904,560
904,610
904,611
904,621
904,625
904,696
904,703
904,704
904,706
904,745
904,782
904,784
904,789
904,879
905,179
905,423
905,691
908,154
908,196
908,688
908,689
908,868
908,875
909,29
909,503
909,536
909,749
909,835
909,932
910,29
910,61
910,161
910,179
910,186
910,341
910,352
910,423
910,503
910,535
910,536
910,537
910,546
910,547
910,554
910,557
910,558
910,559
910,606
910,612
910,613
910,619
910,620
910,624
910,677
910,691
910,709
910,745
910,825
910,912
911,14
911,65
911,92
911,99
911,174
911,314
911,325
911,326
911,327
911,328
911,329
911,338
911,339
911,360
911,368
911,369
911,374
911,384
911,386
911,387
911,405
911,407
911,442
911,540
911,547
911,556
911,559
911,593
911,602
911,603
911,605
911,619
911,624
911,741
911,742
911,790
911,794
911,807
911,836
911,931
911,932
911,933
912,20
912,36
912,50
912,52
912,60
912,65
912,69
912,71
912,76
912,101
912,186
912,314
912,329
912,369
912,382
912,386
912,425
912,436
912,503
912,535
912,536
912,546
912,547
912,554
912,559
912,602
912,605
912,606
912,612
912,619
912,624
912,677
912,687
912,726
912,754
912,781
912,783
912,789
912,791
912,792
912,825
912,840
912,879
912,910
912,915
912,916
912,917
912,929
912,931
913,14
913,327
913,388
913,442
913,495
913,737
913,768
913,775
913,778
913,794
913,801
913,807
913,808
913,930
913,932
915,9
915,19
915,20
915,23
915,52
915,62
915,69
915,76
915,90
915,101
915,425
915,436
915,503
915,559
915,613
915,677
915,689
915,692
915,695
915,726
915,749
915,754
915,781
915,782
915,783
915,784
915,785
915,786
915,792
915,879
915,912
915,917
915,929
916,503
916,535
916,536
916,546
916,547
916,554
916,605
916,606
916,612
916,619
916,785
916,789
916,791
916,792
916,912
916,929
917,20
917,62
917,76
917,749
917,792
917,912
917,915
918,26
918,117
918,198
918,204
918,241
918,251
918,483
918,778
918,788
918,842
918,856
918,873
918,893
918,894
919,37
919,38
919,199
919,873
919,893
919,894
920,203
920,206
921,144
924,432
924,475
924,477
924,481
924,482
924,491
924,492
924,647
924,860
924,926
925,61
925,111
925,560
925,562
925,576
926,32
926,173
926,323
926,455
926,456
926,459
926,478
926,484
926,485
926,491
926,492
926,493
926,512
926,515
926,520
926,533
926,542
926,558
926,562
926,567
926,568
926,579
926,620
926,646
926,647
926,655
926,673
926,686
926,860
926,878
926,924
927,108
927,466
928,613
928,717
928,779
928,783
928,784
928,785
929,52
929,55
929,62
929,65
929,68
929,99
929,314
929,329
929,359
929,360
929,361
929,369
929,386
929,412
929,436
929,503
929,535
929,543
929,546
929,559
929,572
929,605
929,619
929,726
929,781
929,782
929,783
929,791
929,792
929,912
929,915
929,916
930,1
930,10
930,14
930,22
930,25
930,30
930,34
930,46
930,65
930,92
930,93
930,99
930,104
930,320
930,325
930,327
930,329
930,339
930,360
930,368
930,369
930,371
930,386
930,388
930,405
930,407
930,442
930,495
930,546
930,572
930,758
930,768
930,781
930,788
930,790
930,794
930,801
930,836
930,913
930,931
930,932
930,933
931,1
931,2
931,20
931,22
931,36
931,52
931,60
931,69
931,92
931,93
931,99
931,101
931,174
931,325
931,326
931,327
931,328
931,329
931,339
931,360
931,368
931,369
931,384
931,386
931,387
931,388
931,398
931,405
931,407
931,495
931,556
931,585
931,593
931,603
931,678
931,726
931,741
931,742
931,743
931,754
931,758
931,790
931,792
931,794
931,807
931,836
931,879
931,911
931,912
931,930
931,932
931,933
932,3
932,14
932,29
932,65
932,92
932,99
932,174
932,325
932,326
932,327
932,328
932,329
932,339
932,360
932,369
932,384
932,386
932,388
932,405
932,442
932,495
932,544
932,552
932,585
932,593
932,596
932,602
932,603
932,758
932,768
932,836
932,909
932,911
932,913
932,930
932,931
932,933
933,1
933,2
933,3
933,5
933,92
933,93
933,99
933,174
933,320
933,325
933,326
933,327
933,328
933,329
933,338
933,339
933,360
933,368
933,369
933,384
933,385
933,386
933,388
933,405
933,407
933,495
933,556
933,593
933,602
933,603
933,726
933,743
933,790
933,794
933,807
933,836
933,911
933,930
933,931
933,932
